"continent","predicted","known","imputed","total","lwr","upr"
"Africa",5513.166604934267,44856,23129.11898476234,73498.2855896966,71059.84412433089,91795.09636031646
"Antarctica",0,0,0,0,0,0
"Asia",15432.562234442905,150126,53654.364662944754,219212.92689738766,212317.31634450206,273997.6040117028
"Europe",3866.3134610073544,46005,73531.76580774675,123403.07926875411,121331.14868613247,136587.24638251538
"Latin America & Caribbean",2610.737258146486,26841,7481.56800796931,36933.3052661158,35356.30737257316,49257.62124230611
"Northern America",4.079514291560931,53187,45760.94373772291,98952.02325201448,98947.62959517443,98985.55993049279
"Oceania",466.8229979120096,10024,984.2817241147956,11475.104722026805,11266.280159799724,13172.6428793768
