"continent","PA","all_number","all_number_lwr","all_number_upr","all_density","all_density_lwr","all_density_upr","rangers_number","rangers_number_lwr","rangers_number_upr","rangers_density","rangers_density_lwr","rangers_density_upr"
"Global",20570541.35,555251.2577426822,550151.6622498917,609229.7951616091,37.04726655393354,33.76483145336531,37.3906738114269,284881.56729771325,282740.0676422807,310072.0241802143,72.2073440732756,66.34117155324007,72.75424923511584
"Africa",4454457,75296.13540850976,72764.32464572068,94132.81402204953,59.15917166044314,47.320979897154615,61.2175955963053,58804.89990453585,72764.32464572068,94132.81402204953,75.74975907163156,47.320979897154615,61.2175955963053
"Asia",3699580,209306.75222146785,202715.81505345908,254656.9639417299,17.675397285250824,14.527700097950317,18.25008077946147,118925.4465856049,202715.81505345908,254656.9639417299,31.108396951336807,14.527700097950317,18.25008077946147
"Europe",3328380.35,122477.7629193921,120941.86605010125,132143.89760799022,27.175384907957135,25.18754486774534,27.520497729224623,44454.768758391845,120941.86605010125,132143.89760799022,74.87116552308447,25.18754486774534,27.520497729224623
"Latin America & Caribbean",4973441,37591.460857086546,37196.12013229926,40341.63903884653,132.30241354300634,123.28306728467032,133.70859601244572,21965.313394119614,37196.12013229926,40341.63903884653,226.4224921703804,123.28306728467032,133.70859601244572
"Northern America",2421268,98952.74561943629,98947.74863576418,98986.52882513274,24.468931961847602,24.460580937001588,24.470167673171744,33778.611905310776,98947.74863576418,98986.52882513274,71.68050619686124,24.460580937001588,24.470167673171744
"Oceania",1693415,11626.400716789696,11436.62731395998,13160.562571427277,145.65255759287032,128.6734507593582,148.0694398367737,6952.526749750266,11436.62731395998,13160.562571427277,243.56828257594654,128.6734507593582,148.0694398367737
