"continent","PA","all_number","all_density","rangers_number","rangers_density"
"Global",20570541.35,555251.2577426822,37.04726655393354,284881.56729771325,72.2073440732756
"Africa",4454457,75296.13540850976,59.15917166044314,58804.89990453585,75.74975907163156
"Asia",3699580,209306.75222146785,17.675397285250824,118925.4465856049,31.108396951336807
"Europe",3328380.35,122477.7629193921,27.175384907957135,44454.768758391845,74.87116552308447
"Latin America & Caribbean",4973441,37591.460857086546,132.30241354300634,21965.313394119614,226.4224921703804
"Northern America",2421268,98952.74561943629,24.468931961847602,33778.611905310776,71.68050619686124
"Oceania",1693415,11626.400716789696,145.65255759287032,6952.526749750266,243.56828257594654
