"continent","PA","all_number","all_density","rangers_number","rangers_density"
"World",20561754.35,555435.5303324693,37.01915564834729,285794.0338786762,71.94605874358025
"Africa",4446610,74609.78774056437,59.598212709864555,58832.02125382707,75.5814589611902
"Asia",3699580,209978.90068418934,17.618817833341314,119510.35319116474,30.956146486173264
"Europe",3328380.35,122385.24662034214,27.195927956293197,44744.32016797107,74.3866559488488
"Latin America & Caribbean",4972892,37787.078118368445,131.60297772752793,21996.797180454618,226.07345784043017
"Northern America",2421268,98961.03561760376,24.466882191452036,33779.10936686331,71.67945056524255
"Oceania",1693024,11713.481551401243,144.5363611638992,6931.43271839535,244.25311025625027
